-- Seed 002: Life Management
-- Realistic fake data for local development and testing.
-- Requires: 001_foundation_connectors.sql, 002_life_management.sql,
--           001_foundation_seed.sql applied first.
--
-- Seeds one representative school week: Mon 2026-03-30 through Fri 2026-04-03.
-- Family: Whitfield (from foundation seed)
-- Adults: Andrew (dad), Sally (mom), Tyler (viewer)
-- Children: Sadie, Townes, River
--
-- Includes:
-- - all routines and steps for 3 kids x 3 blocks
-- - all chore templates
-- - task_instances for the full week (routine + chore)
-- - step completions for routine instances
-- - daily_wins with one missed day (Townes Wed)
-- - one parent override (River Thu evening routine)
-- - dog walk assistant examples
-- - weekly payout rows

BEGIN;

-- ============================================================================
-- UUID reference (from foundation seed)
-- ============================================================================
-- family:  a1b2c3d4-0000-4000-8000-000000000001
-- Andrew:  b1000000-0000-4000-8000-000000000001
-- Sally:   b1000000-0000-4000-8000-000000000002
-- Tyler:   b1000000-0000-4000-8000-000000000006
-- Sadie:   b1000000-0000-4000-8000-000000000003
-- Townes:  b1000000-0000-4000-8000-000000000004
-- River:   b1000000-0000-4000-8000-000000000005

-- ============================================================================
-- routines (9 total: 3 kids x 3 blocks)
-- ============================================================================

-- Sadie
INSERT INTO routines (id, family_id, family_member_id, name, block, recurrence, due_time_weekday, due_time_weekend) VALUES
    ('10000000-0001-4000-8000-000000000001', 'a1b2c3d4-0000-4000-8000-000000000001', 'b1000000-0000-4000-8000-000000000003',
     'Sadie Morning Routine', 'morning', 'daily', '07:25', '09:00'),
    ('10000000-0001-4000-8000-000000000002', 'a1b2c3d4-0000-4000-8000-000000000001', 'b1000000-0000-4000-8000-000000000003',
     'Sadie After School Routine', 'after_school', 'weekdays', '17:30', NULL),
    ('10000000-0001-4000-8000-000000000003', 'a1b2c3d4-0000-4000-8000-000000000001', 'b1000000-0000-4000-8000-000000000003',
     'Sadie Evening Routine', 'evening', 'daily', '21:30', '21:30');

-- Townes
INSERT INTO routines (id, family_id, family_member_id, name, block, recurrence, due_time_weekday, due_time_weekend) VALUES
    ('10000000-0001-4000-8000-000000000004', 'a1b2c3d4-0000-4000-8000-000000000001', 'b1000000-0000-4000-8000-000000000004',
     'Townes Morning Routine', 'morning', 'daily', '07:25', '09:00'),
    ('10000000-0001-4000-8000-000000000005', 'a1b2c3d4-0000-4000-8000-000000000001', 'b1000000-0000-4000-8000-000000000004',
     'Townes After School Routine', 'after_school', 'weekdays', '17:30', NULL),
    ('10000000-0001-4000-8000-000000000006', 'a1b2c3d4-0000-4000-8000-000000000001', 'b1000000-0000-4000-8000-000000000004',
     'Townes Evening Routine', 'evening', 'daily', '21:00', '21:00');

-- River
INSERT INTO routines (id, family_id, family_member_id, name, block, recurrence, due_time_weekday, due_time_weekend) VALUES
    ('10000000-0001-4000-8000-000000000007', 'a1b2c3d4-0000-4000-8000-000000000001', 'b1000000-0000-4000-8000-000000000005',
     'River Morning Routine', 'morning', 'daily', '07:25', '09:00'),
    ('10000000-0001-4000-8000-000000000008', 'a1b2c3d4-0000-4000-8000-000000000001', 'b1000000-0000-4000-8000-000000000005',
     'River After School Routine', 'after_school', 'weekdays', '17:30', NULL),
    ('10000000-0001-4000-8000-000000000009', 'a1b2c3d4-0000-4000-8000-000000000001', 'b1000000-0000-4000-8000-000000000005',
     'River Evening Routine', 'evening', 'daily', '20:30', '20:30');

-- ============================================================================
-- routine_steps
-- ============================================================================

-- Sadie Morning (6 steps)
INSERT INTO routine_steps (id, routine_id, name, sort_order) VALUES
    ('20000000-0001-4000-8000-000000000001', '10000000-0001-4000-8000-000000000001', 'Get dressed', 1),
    ('20000000-0001-4000-8000-000000000002', '10000000-0001-4000-8000-000000000001', 'Make bed', 2),
    ('20000000-0001-4000-8000-000000000003', '10000000-0001-4000-8000-000000000001', 'Hygiene: brush teeth, deodorant, hair', 3),
    ('20000000-0001-4000-8000-000000000004', '10000000-0001-4000-8000-000000000001', 'Breakfast + dish to sink/dishwasher', 4),
    ('20000000-0001-4000-8000-000000000005', '10000000-0001-4000-8000-000000000001', 'Backpack check (homework/device/water bottle)', 5),
    ('20000000-0001-4000-8000-000000000006', '10000000-0001-4000-8000-000000000001', 'Lunch check (packed or plan confirmed)', 6);

-- Sadie After School (5 steps)
INSERT INTO routine_steps (id, routine_id, name, sort_order) VALUES
    ('20000000-0001-4000-8000-000000000007', '10000000-0001-4000-8000-000000000002', 'Snack (15 min max)', 1),
    ('20000000-0001-4000-8000-000000000008', '10000000-0001-4000-8000-000000000002', 'Homework/Study (30-45 min timer)', 2),
    ('20000000-0001-4000-8000-000000000009', '10000000-0001-4000-8000-000000000002', '10-minute zone reset (timer)', 3),
    ('20000000-0001-4000-8000-000000000010', '10000000-0001-4000-8000-000000000002', 'Dog walks led (Memphis + Willie completed)', 4),
    ('20000000-0001-4000-8000-000000000011', '10000000-0001-4000-8000-000000000002', 'Permission check: screens/free time only after completed', 5);

-- Sadie Evening (5 steps)
INSERT INTO routine_steps (id, routine_id, name, sort_order) VALUES
    ('20000000-0001-4000-8000-000000000012', '10000000-0001-4000-8000-000000000003', 'Pack backpack for tomorrow', 1),
    ('20000000-0001-4000-8000-000000000013', '10000000-0001-4000-8000-000000000003', 'Outfit set out', 2),
    ('20000000-0001-4000-8000-000000000014', '10000000-0001-4000-8000-000000000003', 'Room reset (standard of done)', 3),
    ('20000000-0001-4000-8000-000000000015', '10000000-0001-4000-8000-000000000003', 'Hygiene', 4),
    ('20000000-0001-4000-8000-000000000016', '10000000-0001-4000-8000-000000000003', 'Devices to charging station', 5);

-- Townes Morning (6 steps)
INSERT INTO routine_steps (id, routine_id, name, sort_order) VALUES
    ('20000000-0001-4000-8000-000000000017', '10000000-0001-4000-8000-000000000004', 'Get dressed', 1),
    ('20000000-0001-4000-8000-000000000018', '10000000-0001-4000-8000-000000000004', 'Make bed', 2),
    ('20000000-0001-4000-8000-000000000019', '10000000-0001-4000-8000-000000000004', 'Brush teeth', 3),
    ('20000000-0001-4000-8000-000000000020', '10000000-0001-4000-8000-000000000004', 'Breakfast + dish away', 4),
    ('20000000-0001-4000-8000-000000000021', '10000000-0001-4000-8000-000000000004', 'Backpack check (homework/water bottle)', 5),
    ('20000000-0001-4000-8000-000000000022', '10000000-0001-4000-8000-000000000004', 'Shoes/coat at launch spot', 6);

-- Townes After School (5 steps)
INSERT INTO routine_steps (id, routine_id, name, sort_order) VALUES
    ('20000000-0001-4000-8000-000000000023', '10000000-0001-4000-8000-000000000005', 'Snack (15 min max)', 1),
    ('20000000-0001-4000-8000-000000000024', '10000000-0001-4000-8000-000000000005', 'Homework/Reading (25-35 min timer)', 2),
    ('20000000-0001-4000-8000-000000000025', '10000000-0001-4000-8000-000000000005', '10-minute zone reset (timer)', 3),
    ('20000000-0001-4000-8000-000000000026', '10000000-0001-4000-8000-000000000005', 'Willie walk done if ODD day (with Sadie leading)', 4),
    ('20000000-0001-4000-8000-000000000027', '10000000-0001-4000-8000-000000000005', 'Permission check: screens/free time only after completed', 5);

-- Townes Evening (5 steps)
INSERT INTO routine_steps (id, routine_id, name, sort_order) VALUES
    ('20000000-0001-4000-8000-000000000028', '10000000-0001-4000-8000-000000000006', 'Pack backpack', 1),
    ('20000000-0001-4000-8000-000000000029', '10000000-0001-4000-8000-000000000006', 'Outfit set out', 2),
    ('20000000-0001-4000-8000-000000000030', '10000000-0001-4000-8000-000000000006', 'Room reset', 3),
    ('20000000-0001-4000-8000-000000000031', '10000000-0001-4000-8000-000000000006', 'Brush teeth', 4),
    ('20000000-0001-4000-8000-000000000032', '10000000-0001-4000-8000-000000000006', 'Devices to charging station', 5);

-- River Morning (5 steps)
INSERT INTO routine_steps (id, routine_id, name, sort_order) VALUES
    ('20000000-0001-4000-8000-000000000033', '10000000-0001-4000-8000-000000000007', 'Get dressed (clothes chosen night before)', 1),
    ('20000000-0001-4000-8000-000000000034', '10000000-0001-4000-8000-000000000007', 'Make bed (blanket up, pillow placed)', 2),
    ('20000000-0001-4000-8000-000000000035', '10000000-0001-4000-8000-000000000007', 'Brush teeth', 3),
    ('20000000-0001-4000-8000-000000000036', '10000000-0001-4000-8000-000000000007', 'Breakfast + dish away', 4),
    ('20000000-0001-4000-8000-000000000037', '10000000-0001-4000-8000-000000000007', 'Backpack + shoes at launch spot', 5);

-- River After School (5 steps)
INSERT INTO routine_steps (id, routine_id, name, sort_order) VALUES
    ('20000000-0001-4000-8000-000000000038', '10000000-0001-4000-8000-000000000008', 'Snack (15 min max)', 1),
    ('20000000-0001-4000-8000-000000000039', '10000000-0001-4000-8000-000000000008', 'Homework/Reading (15-25 min timer)', 2),
    ('20000000-0001-4000-8000-000000000040', '10000000-0001-4000-8000-000000000008', '10-minute zone reset (timer)', 3),
    ('20000000-0001-4000-8000-000000000041', '10000000-0001-4000-8000-000000000008', 'Willie walk done if EVEN day (with Sadie leading)', 4),
    ('20000000-0001-4000-8000-000000000042', '10000000-0001-4000-8000-000000000008', 'Permission check: screens/free time only after completed', 5);

-- River Evening (5 steps)
INSERT INTO routine_steps (id, routine_id, name, sort_order) VALUES
    ('20000000-0001-4000-8000-000000000043', '10000000-0001-4000-8000-000000000009', 'Outfit set out (parent check if needed)', 1),
    ('20000000-0001-4000-8000-000000000044', '10000000-0001-4000-8000-000000000009', 'Backpack packed', 2),
    ('20000000-0001-4000-8000-000000000045', '10000000-0001-4000-8000-000000000009', 'Room reset (small scope)', 3),
    ('20000000-0001-4000-8000-000000000046', '10000000-0001-4000-8000-000000000009', 'Brush teeth', 4),
    ('20000000-0001-4000-8000-000000000047', '10000000-0001-4000-8000-000000000009', 'Devices to charging station', 5);

-- ============================================================================
-- chore_templates (10 total)
-- ============================================================================

-- Sadie: Dishwasher Captain (evening load + run)
INSERT INTO chore_templates (id, family_id, name, description, recurrence, due_time, assignment_type, assignment_rule) VALUES
    ('30000000-0001-4000-8000-000000000001', 'a1b2c3d4-0000-4000-8000-000000000001',
     'Dishwasher Captain', 'Load dishwasher + run after dinner',
     'weekdays', '20:00', 'fixed',
     '{"assigned_to": "b1000000-0000-4000-8000-000000000003"}');

-- Townes: Table Captain + Sweep
INSERT INTO chore_templates (id, family_id, name, description, recurrence, due_time, assignment_type, assignment_rule) VALUES
    ('30000000-0001-4000-8000-000000000002', 'a1b2c3d4-0000-4000-8000-000000000001',
     'Table Captain + Sweep', 'Set table, clear table, quick sweep kitchen/dining',
     'weekdays', '20:00', 'fixed',
     '{"assigned_to": "b1000000-0000-4000-8000-000000000004"}');

-- River: Living Room Reset Captain
INSERT INTO chore_templates (id, family_id, name, description, recurrence, due_time, assignment_type, assignment_rule) VALUES
    ('30000000-0001-4000-8000-000000000003', 'a1b2c3d4-0000-4000-8000-000000000001',
     'Living Room Reset Captain', 'Blankets folded, toys to bins, cups/dishes to kitchen',
     'weekdays', '19:30', 'fixed',
     '{"assigned_to": "b1000000-0000-4000-8000-000000000005"}');

-- Common Area Closeout (rotating daily: odd=Townes, even=River)
INSERT INTO chore_templates (id, family_id, name, description, recurrence, due_time, assignment_type, assignment_rule) VALUES
    ('30000000-0001-4000-8000-000000000004', 'a1b2c3d4-0000-4000-8000-000000000001',
     'Common Area Closeout', 'Full common area reset per standard of done',
     'daily', '19:30', 'rotating_daily',
     '{"rule": "day_parity", "odd": "b1000000-0000-4000-8000-000000000004", "even": "b1000000-0000-4000-8000-000000000005"}');

-- Dog Walks (Sadie lead)
INSERT INTO chore_templates (id, family_id, name, description, recurrence, due_time, assignment_type, assignment_rule) VALUES
    ('30000000-0001-4000-8000-000000000005', 'a1b2c3d4-0000-4000-8000-000000000001',
     'Dog Walks (Sadie lead)', 'Memphis walked by Sadie, Willie walked with assistant',
     'daily', '19:30', 'fixed',
     '{"assigned_to": "b1000000-0000-4000-8000-000000000003"}');

-- Dog Walk Assistant (rotating daily: odd=Townes, even=River)
INSERT INTO chore_templates (id, family_id, name, description, recurrence, due_time, assignment_type, assignment_rule) VALUES
    ('30000000-0001-4000-8000-000000000006', 'a1b2c3d4-0000-4000-8000-000000000001',
     'Dog Walk Assistant (Willie)', 'Willie walk with Sadie leading',
     'daily', '19:30', 'rotating_daily',
     '{"rule": "day_parity", "odd": "b1000000-0000-4000-8000-000000000004", "even": "b1000000-0000-4000-8000-000000000005"}');

-- Power 60: Sadie Bathroom (weekly Saturday)
INSERT INTO chore_templates (id, family_id, name, description, recurrence, due_time, assignment_type, assignment_rule) VALUES
    ('30000000-0001-4000-8000-000000000007', 'a1b2c3d4-0000-4000-8000-000000000001',
     'Power 60: Bathroom', 'Sink/counter wiped, mirror wiped, toilet quick clean, towels swapped',
     'weekly', '11:00', 'fixed',
     '{"assigned_to": "b1000000-0000-4000-8000-000000000003", "day_of_week": "saturday"}');

-- Power 60: Townes Vacuum (weekly Saturday)
INSERT INTO chore_templates (id, family_id, name, description, recurrence, due_time, assignment_type, assignment_rule) VALUES
    ('30000000-0001-4000-8000-000000000008', 'a1b2c3d4-0000-4000-8000-000000000001',
     'Power 60: Vacuum', 'Vacuum bedroom, hallway/landing',
     'weekly', '11:00', 'fixed',
     '{"assigned_to": "b1000000-0000-4000-8000-000000000004", "day_of_week": "saturday"}');

-- Backyard Poop Patrol (weekly Saturday, rotating_weekly)
INSERT INTO chore_templates (id, family_id, name, description, recurrence, due_time, assignment_type, assignment_rule) VALUES
    ('30000000-0001-4000-8000-000000000009', 'a1b2c3d4-0000-4000-8000-000000000001',
     'Backyard Poop Patrol', 'Pick up all visible poop, tie bag, outdoor bin',
     'weekly', '11:00', 'rotating_weekly',
     '{"rule": "8_week_swap", "current_owner": "b1000000-0000-4000-8000-000000000004", "current_assistant": "b1000000-0000-4000-8000-000000000005", "rotation_started": "2026-03-01"}');

-- Power 60: River Dust (weekly Saturday)
INSERT INTO chore_templates (id, family_id, name, description, recurrence, due_time, assignment_type, assignment_rule) VALUES
    ('30000000-0001-4000-8000-000000000010', 'a1b2c3d4-0000-4000-8000-000000000001',
     'Power 60: Dust/Wipe Low Surfaces', 'Coffee table + one shelf + one baseboard zone',
     'weekly', '11:00', 'fixed',
     '{"assigned_to": "b1000000-0000-4000-8000-000000000005", "day_of_week": "saturday"}');

-- ============================================================================
-- task_instances: week of 2026-03-30 (Mon) through 2026-04-03 (Fri)
-- ============================================================================
-- Day parity: 30=even, 31=odd, 1=odd, 2=even, 3=odd
-- Common Area Closeout: even=River, odd=Townes
-- Dog Walk Assistant: even=River, odd=Townes
--
-- Scenario:
--   Mon 3/30: all complete
--   Tue 3/31: all complete
--   Wed 4/1:  Townes misses evening routine (not completed by deadline)
--   Thu 4/2:  River evening routine overridden by parent (was sick, dad counted it)
--   Fri 4/3:  all complete

-- Helper: family_id for all rows
-- a1b2c3d4-0000-4000-8000-000000000001

-- ---- MONDAY 2026-03-30 (even day) ----

-- Sadie: 3 routines + dishwasher + dog walks lead = 5 task_instances
INSERT INTO task_instances (id, family_id, family_member_id, routine_id, chore_template_id, instance_date, due_at, is_completed, completed_at) VALUES
    ('40000000-0330-4000-8000-000000000001', 'a1b2c3d4-0000-4000-8000-000000000001', 'b1000000-0000-4000-8000-000000000003',
     '10000000-0001-4000-8000-000000000001', NULL, '2026-03-30', '2026-03-30 07:25:00-05', true, '2026-03-30 07:18:00-05'),
    ('40000000-0330-4000-8000-000000000002', 'a1b2c3d4-0000-4000-8000-000000000001', 'b1000000-0000-4000-8000-000000000003',
     '10000000-0001-4000-8000-000000000002', NULL, '2026-03-30', '2026-03-30 17:30:00-05', true, '2026-03-30 17:22:00-05'),
    ('40000000-0330-4000-8000-000000000003', 'a1b2c3d4-0000-4000-8000-000000000001', 'b1000000-0000-4000-8000-000000000003',
     '10000000-0001-4000-8000-000000000003', NULL, '2026-03-30', '2026-03-30 21:30:00-05', true, '2026-03-30 21:15:00-05'),
    ('40000000-0330-4000-8000-000000000004', 'a1b2c3d4-0000-4000-8000-000000000001', 'b1000000-0000-4000-8000-000000000003',
     NULL, '30000000-0001-4000-8000-000000000001', '2026-03-30', '2026-03-30 20:00:00-05', true, '2026-03-30 19:45:00-05'),
    ('40000000-0330-4000-8000-000000000005', 'a1b2c3d4-0000-4000-8000-000000000001', 'b1000000-0000-4000-8000-000000000003',
     NULL, '30000000-0001-4000-8000-000000000005', '2026-03-30', '2026-03-30 19:30:00-05', true, '2026-03-30 17:50:00-05');

-- Townes: 3 routines + table captain = 4 task_instances (even day, no dog walk assistant)
INSERT INTO task_instances (id, family_id, family_member_id, routine_id, chore_template_id, instance_date, due_at, is_completed, completed_at) VALUES
    ('40000000-0330-4000-8000-000000000006', 'a1b2c3d4-0000-4000-8000-000000000001', 'b1000000-0000-4000-8000-000000000004',
     '10000000-0001-4000-8000-000000000004', NULL, '2026-03-30', '2026-03-30 07:25:00-05', true, '2026-03-30 07:20:00-05'),
    ('40000000-0330-4000-8000-000000000007', 'a1b2c3d4-0000-4000-8000-000000000001', 'b1000000-0000-4000-8000-000000000004',
     '10000000-0001-4000-8000-000000000005', NULL, '2026-03-30', '2026-03-30 17:30:00-05', true, '2026-03-30 17:15:00-05'),
    ('40000000-0330-4000-8000-000000000008', 'a1b2c3d4-0000-4000-8000-000000000001', 'b1000000-0000-4000-8000-000000000004',
     '10000000-0001-4000-8000-000000000006', NULL, '2026-03-30', '2026-03-30 21:00:00-05', true, '2026-03-30 20:50:00-05'),
    ('40000000-0330-4000-8000-000000000009', 'a1b2c3d4-0000-4000-8000-000000000001', 'b1000000-0000-4000-8000-000000000004',
     NULL, '30000000-0001-4000-8000-000000000002', '2026-03-30', '2026-03-30 20:00:00-05', true, '2026-03-30 19:40:00-05');

-- River: 3 routines + living room reset + common area closeout (even) + dog walk assistant (even) = 6 task_instances
INSERT INTO task_instances (id, family_id, family_member_id, routine_id, chore_template_id, instance_date, due_at, is_completed, completed_at) VALUES
    ('40000000-0330-4000-8000-000000000010', 'a1b2c3d4-0000-4000-8000-000000000001', 'b1000000-0000-4000-8000-000000000005',
     '10000000-0001-4000-8000-000000000007', NULL, '2026-03-30', '2026-03-30 07:25:00-05', true, '2026-03-30 07:22:00-05'),
    ('40000000-0330-4000-8000-000000000011', 'a1b2c3d4-0000-4000-8000-000000000001', 'b1000000-0000-4000-8000-000000000005',
     '10000000-0001-4000-8000-000000000008', NULL, '2026-03-30', '2026-03-30 17:30:00-05', true, '2026-03-30 17:10:00-05'),
    ('40000000-0330-4000-8000-000000000012', 'a1b2c3d4-0000-4000-8000-000000000001', 'b1000000-0000-4000-8000-000000000005',
     '10000000-0001-4000-8000-000000000009', NULL, '2026-03-30', '2026-03-30 20:30:00-05', true, '2026-03-30 20:20:00-05'),
    ('40000000-0330-4000-8000-000000000013', 'a1b2c3d4-0000-4000-8000-000000000001', 'b1000000-0000-4000-8000-000000000005',
     NULL, '30000000-0001-4000-8000-000000000003', '2026-03-30', '2026-03-30 19:30:00-05', true, '2026-03-30 19:10:00-05'),
    ('40000000-0330-4000-8000-000000000014', 'a1b2c3d4-0000-4000-8000-000000000001', 'b1000000-0000-4000-8000-000000000005',
     NULL, '30000000-0001-4000-8000-000000000004', '2026-03-30', '2026-03-30 19:30:00-05', true, '2026-03-30 19:15:00-05'),
    ('40000000-0330-4000-8000-000000000015', 'a1b2c3d4-0000-4000-8000-000000000001', 'b1000000-0000-4000-8000-000000000005',
     NULL, '30000000-0001-4000-8000-000000000006', '2026-03-30', '2026-03-30 19:30:00-05', true, '2026-03-30 17:55:00-05');

-- ---- TUESDAY 2026-03-31 (odd day) ----

-- Sadie: 3 routines + dishwasher + dog walks = 5
INSERT INTO task_instances (id, family_id, family_member_id, routine_id, chore_template_id, instance_date, due_at, is_completed, completed_at) VALUES
    ('40000000-0331-4000-8000-000000000001', 'a1b2c3d4-0000-4000-8000-000000000001', 'b1000000-0000-4000-8000-000000000003',
     '10000000-0001-4000-8000-000000000001', NULL, '2026-03-31', '2026-03-31 07:25:00-05', true, '2026-03-31 07:20:00-05'),
    ('40000000-0331-4000-8000-000000000002', 'a1b2c3d4-0000-4000-8000-000000000001', 'b1000000-0000-4000-8000-000000000003',
     '10000000-0001-4000-8000-000000000002', NULL, '2026-03-31', '2026-03-31 17:30:00-05', true, '2026-03-31 17:25:00-05'),
    ('40000000-0331-4000-8000-000000000003', 'a1b2c3d4-0000-4000-8000-000000000001', 'b1000000-0000-4000-8000-000000000003',
     '10000000-0001-4000-8000-000000000003', NULL, '2026-03-31', '2026-03-31 21:30:00-05', true, '2026-03-31 21:20:00-05'),
    ('40000000-0331-4000-8000-000000000004', 'a1b2c3d4-0000-4000-8000-000000000001', 'b1000000-0000-4000-8000-000000000003',
     NULL, '30000000-0001-4000-8000-000000000001', '2026-03-31', '2026-03-31 20:00:00-05', true, '2026-03-31 19:50:00-05'),
    ('40000000-0331-4000-8000-000000000005', 'a1b2c3d4-0000-4000-8000-000000000001', 'b1000000-0000-4000-8000-000000000003',
     NULL, '30000000-0001-4000-8000-000000000005', '2026-03-31', '2026-03-31 19:30:00-05', true, '2026-03-31 18:00:00-05');

-- Townes: 3 routines + table captain + common area closeout (odd) + dog walk assistant (odd) = 6
INSERT INTO task_instances (id, family_id, family_member_id, routine_id, chore_template_id, instance_date, due_at, is_completed, completed_at) VALUES
    ('40000000-0331-4000-8000-000000000006', 'a1b2c3d4-0000-4000-8000-000000000001', 'b1000000-0000-4000-8000-000000000004',
     '10000000-0001-4000-8000-000000000004', NULL, '2026-03-31', '2026-03-31 07:25:00-05', true, '2026-03-31 07:22:00-05'),
    ('40000000-0331-4000-8000-000000000007', 'a1b2c3d4-0000-4000-8000-000000000001', 'b1000000-0000-4000-8000-000000000004',
     '10000000-0001-4000-8000-000000000005', NULL, '2026-03-31', '2026-03-31 17:30:00-05', true, '2026-03-31 17:20:00-05'),
    ('40000000-0331-4000-8000-000000000008', 'a1b2c3d4-0000-4000-8000-000000000001', 'b1000000-0000-4000-8000-000000000004',
     '10000000-0001-4000-8000-000000000006', NULL, '2026-03-31', '2026-03-31 21:00:00-05', true, '2026-03-31 20:55:00-05'),
    ('40000000-0331-4000-8000-000000000009', 'a1b2c3d4-0000-4000-8000-000000000001', 'b1000000-0000-4000-8000-000000000004',
     NULL, '30000000-0001-4000-8000-000000000002', '2026-03-31', '2026-03-31 20:00:00-05', true, '2026-03-31 19:45:00-05'),
    ('40000000-0331-4000-8000-000000000010', 'a1b2c3d4-0000-4000-8000-000000000001', 'b1000000-0000-4000-8000-000000000004',
     NULL, '30000000-0001-4000-8000-000000000004', '2026-03-31', '2026-03-31 19:30:00-05', true, '2026-03-31 19:20:00-05'),
    ('40000000-0331-4000-8000-000000000011', 'a1b2c3d4-0000-4000-8000-000000000001', 'b1000000-0000-4000-8000-000000000004',
     NULL, '30000000-0001-4000-8000-000000000006', '2026-03-31', '2026-03-31 19:30:00-05', true, '2026-03-31 18:05:00-05');

-- River: 3 routines + living room reset = 4 (odd day, no rotating chores)
INSERT INTO task_instances (id, family_id, family_member_id, routine_id, chore_template_id, instance_date, due_at, is_completed, completed_at) VALUES
    ('40000000-0331-4000-8000-000000000012', 'a1b2c3d4-0000-4000-8000-000000000001', 'b1000000-0000-4000-8000-000000000005',
     '10000000-0001-4000-8000-000000000007', NULL, '2026-03-31', '2026-03-31 07:25:00-05', true, '2026-03-31 07:21:00-05'),
    ('40000000-0331-4000-8000-000000000013', 'a1b2c3d4-0000-4000-8000-000000000001', 'b1000000-0000-4000-8000-000000000005',
     '10000000-0001-4000-8000-000000000008', NULL, '2026-03-31', '2026-03-31 17:30:00-05', true, '2026-03-31 17:15:00-05'),
    ('40000000-0331-4000-8000-000000000014', 'a1b2c3d4-0000-4000-8000-000000000001', 'b1000000-0000-4000-8000-000000000005',
     '10000000-0001-4000-8000-000000000009', NULL, '2026-03-31', '2026-03-31 20:30:00-05', true, '2026-03-31 20:25:00-05'),
    ('40000000-0331-4000-8000-000000000015', 'a1b2c3d4-0000-4000-8000-000000000001', 'b1000000-0000-4000-8000-000000000005',
     NULL, '30000000-0001-4000-8000-000000000003', '2026-03-31', '2026-03-31 19:30:00-05', true, '2026-03-31 19:05:00-05');

-- ---- WEDNESDAY 2026-04-01 (odd day) — Townes misses evening routine ----

-- Sadie: all complete (5)
INSERT INTO task_instances (id, family_id, family_member_id, routine_id, chore_template_id, instance_date, due_at, is_completed, completed_at) VALUES
    ('40000000-0401-4000-8000-000000000001', 'a1b2c3d4-0000-4000-8000-000000000001', 'b1000000-0000-4000-8000-000000000003',
     '10000000-0001-4000-8000-000000000001', NULL, '2026-04-01', '2026-04-01 07:25:00-05', true, '2026-04-01 07:19:00-05'),
    ('40000000-0401-4000-8000-000000000002', 'a1b2c3d4-0000-4000-8000-000000000001', 'b1000000-0000-4000-8000-000000000003',
     '10000000-0001-4000-8000-000000000002', NULL, '2026-04-01', '2026-04-01 17:30:00-05', true, '2026-04-01 17:28:00-05'),
    ('40000000-0401-4000-8000-000000000003', 'a1b2c3d4-0000-4000-8000-000000000001', 'b1000000-0000-4000-8000-000000000003',
     '10000000-0001-4000-8000-000000000003', NULL, '2026-04-01', '2026-04-01 21:30:00-05', true, '2026-04-01 21:10:00-05'),
    ('40000000-0401-4000-8000-000000000004', 'a1b2c3d4-0000-4000-8000-000000000001', 'b1000000-0000-4000-8000-000000000003',
     NULL, '30000000-0001-4000-8000-000000000001', '2026-04-01', '2026-04-01 20:00:00-05', true, '2026-04-01 19:55:00-05'),
    ('40000000-0401-4000-8000-000000000005', 'a1b2c3d4-0000-4000-8000-000000000001', 'b1000000-0000-4000-8000-000000000003',
     NULL, '30000000-0001-4000-8000-000000000005', '2026-04-01', '2026-04-01 19:30:00-05', true, '2026-04-01 17:45:00-05');

-- Townes: morning + after school + table captain + common area + dog walk assistant = complete
--         evening routine = NOT completed (missed deadline)
INSERT INTO task_instances (id, family_id, family_member_id, routine_id, chore_template_id, instance_date, due_at, is_completed, completed_at) VALUES
    ('40000000-0401-4000-8000-000000000006', 'a1b2c3d4-0000-4000-8000-000000000001', 'b1000000-0000-4000-8000-000000000004',
     '10000000-0001-4000-8000-000000000004', NULL, '2026-04-01', '2026-04-01 07:25:00-05', true, '2026-04-01 07:23:00-05'),
    ('40000000-0401-4000-8000-000000000007', 'a1b2c3d4-0000-4000-8000-000000000001', 'b1000000-0000-4000-8000-000000000004',
     '10000000-0001-4000-8000-000000000005', NULL, '2026-04-01', '2026-04-01 17:30:00-05', true, '2026-04-01 17:25:00-05'),
    ('40000000-0401-4000-8000-000000000008', 'a1b2c3d4-0000-4000-8000-000000000001', 'b1000000-0000-4000-8000-000000000004',
     '10000000-0001-4000-8000-000000000006', NULL, '2026-04-01', '2026-04-01 21:00:00-05', false, NULL),
    ('40000000-0401-4000-8000-000000000009', 'a1b2c3d4-0000-4000-8000-000000000001', 'b1000000-0000-4000-8000-000000000004',
     NULL, '30000000-0001-4000-8000-000000000002', '2026-04-01', '2026-04-01 20:00:00-05', true, '2026-04-01 19:48:00-05'),
    ('40000000-0401-4000-8000-000000000010', 'a1b2c3d4-0000-4000-8000-000000000001', 'b1000000-0000-4000-8000-000000000004',
     NULL, '30000000-0001-4000-8000-000000000004', '2026-04-01', '2026-04-01 19:30:00-05', true, '2026-04-01 19:22:00-05'),
    ('40000000-0401-4000-8000-000000000011', 'a1b2c3d4-0000-4000-8000-000000000001', 'b1000000-0000-4000-8000-000000000004',
     NULL, '30000000-0001-4000-8000-000000000006', '2026-04-01', '2026-04-01 19:30:00-05', true, '2026-04-01 18:10:00-05');

-- River: all complete (4, odd day)
INSERT INTO task_instances (id, family_id, family_member_id, routine_id, chore_template_id, instance_date, due_at, is_completed, completed_at) VALUES
    ('40000000-0401-4000-8000-000000000012', 'a1b2c3d4-0000-4000-8000-000000000001', 'b1000000-0000-4000-8000-000000000005',
     '10000000-0001-4000-8000-000000000007', NULL, '2026-04-01', '2026-04-01 07:25:00-05', true, '2026-04-01 07:20:00-05'),
    ('40000000-0401-4000-8000-000000000013', 'a1b2c3d4-0000-4000-8000-000000000001', 'b1000000-0000-4000-8000-000000000005',
     '10000000-0001-4000-8000-000000000008', NULL, '2026-04-01', '2026-04-01 17:30:00-05', true, '2026-04-01 17:12:00-05'),
    ('40000000-0401-4000-8000-000000000014', 'a1b2c3d4-0000-4000-8000-000000000001', 'b1000000-0000-4000-8000-000000000005',
     '10000000-0001-4000-8000-000000000009', NULL, '2026-04-01', '2026-04-01 20:30:00-05', true, '2026-04-01 20:22:00-05'),
    ('40000000-0401-4000-8000-000000000015', 'a1b2c3d4-0000-4000-8000-000000000001', 'b1000000-0000-4000-8000-000000000005',
     NULL, '30000000-0001-4000-8000-000000000003', '2026-04-01', '2026-04-01 19:30:00-05', true, '2026-04-01 19:08:00-05');

-- ---- THURSDAY 2026-04-02 (even day) — River evening overridden by parent ----

-- Sadie: all complete (5)
INSERT INTO task_instances (id, family_id, family_member_id, routine_id, chore_template_id, instance_date, due_at, is_completed, completed_at) VALUES
    ('40000000-0402-4000-8000-000000000001', 'a1b2c3d4-0000-4000-8000-000000000001', 'b1000000-0000-4000-8000-000000000003',
     '10000000-0001-4000-8000-000000000001', NULL, '2026-04-02', '2026-04-02 07:25:00-05', true, '2026-04-02 07:17:00-05'),
    ('40000000-0402-4000-8000-000000000002', 'a1b2c3d4-0000-4000-8000-000000000001', 'b1000000-0000-4000-8000-000000000003',
     '10000000-0001-4000-8000-000000000002', NULL, '2026-04-02', '2026-04-02 17:30:00-05', true, '2026-04-02 17:20:00-05'),
    ('40000000-0402-4000-8000-000000000003', 'a1b2c3d4-0000-4000-8000-000000000001', 'b1000000-0000-4000-8000-000000000003',
     '10000000-0001-4000-8000-000000000003', NULL, '2026-04-02', '2026-04-02 21:30:00-05', true, '2026-04-02 21:18:00-05'),
    ('40000000-0402-4000-8000-000000000004', 'a1b2c3d4-0000-4000-8000-000000000001', 'b1000000-0000-4000-8000-000000000003',
     NULL, '30000000-0001-4000-8000-000000000001', '2026-04-02', '2026-04-02 20:00:00-05', true, '2026-04-02 19:52:00-05'),
    ('40000000-0402-4000-8000-000000000005', 'a1b2c3d4-0000-4000-8000-000000000001', 'b1000000-0000-4000-8000-000000000003',
     NULL, '30000000-0001-4000-8000-000000000005', '2026-04-02', '2026-04-02 19:30:00-05', true, '2026-04-02 17:40:00-05');

-- Townes: all complete (4, even day)
INSERT INTO task_instances (id, family_id, family_member_id, routine_id, chore_template_id, instance_date, due_at, is_completed, completed_at) VALUES
    ('40000000-0402-4000-8000-000000000006', 'a1b2c3d4-0000-4000-8000-000000000001', 'b1000000-0000-4000-8000-000000000004',
     '10000000-0001-4000-8000-000000000004', NULL, '2026-04-02', '2026-04-02 07:25:00-05', true, '2026-04-02 07:21:00-05'),
    ('40000000-0402-4000-8000-000000000007', 'a1b2c3d4-0000-4000-8000-000000000001', 'b1000000-0000-4000-8000-000000000004',
     '10000000-0001-4000-8000-000000000005', NULL, '2026-04-02', '2026-04-02 17:30:00-05', true, '2026-04-02 17:18:00-05'),
    ('40000000-0402-4000-8000-000000000008', 'a1b2c3d4-0000-4000-8000-000000000001', 'b1000000-0000-4000-8000-000000000004',
     '10000000-0001-4000-8000-000000000006', NULL, '2026-04-02', '2026-04-02 21:00:00-05', true, '2026-04-02 20:48:00-05'),
    ('40000000-0402-4000-8000-000000000009', 'a1b2c3d4-0000-4000-8000-000000000001', 'b1000000-0000-4000-8000-000000000004',
     NULL, '30000000-0001-4000-8000-000000000002', '2026-04-02', '2026-04-02 20:00:00-05', true, '2026-04-02 19:42:00-05');

-- River: morning + after school + living room + common area + dog walk assistant = complete
--        evening routine = NOT self-completed, but PARENT OVERRIDE by Andrew
INSERT INTO task_instances (id, family_id, family_member_id, routine_id, chore_template_id, instance_date, due_at, is_completed, completed_at,
                            override_completed, override_by, override_note) VALUES
    ('40000000-0402-4000-8000-000000000010', 'a1b2c3d4-0000-4000-8000-000000000001', 'b1000000-0000-4000-8000-000000000005',
     '10000000-0001-4000-8000-000000000007', NULL, '2026-04-02', '2026-04-02 07:25:00-05', true, '2026-04-02 07:23:00-05',
     NULL, NULL, NULL),
    ('40000000-0402-4000-8000-000000000011', 'a1b2c3d4-0000-4000-8000-000000000001', 'b1000000-0000-4000-8000-000000000005',
     '10000000-0001-4000-8000-000000000008', NULL, '2026-04-02', '2026-04-02 17:30:00-05', true, '2026-04-02 17:08:00-05',
     NULL, NULL, NULL),
    ('40000000-0402-4000-8000-000000000012', 'a1b2c3d4-0000-4000-8000-000000000001', 'b1000000-0000-4000-8000-000000000005',
     '10000000-0001-4000-8000-000000000009', NULL, '2026-04-02', '2026-04-02 20:30:00-05', false, NULL,
     true, 'b1000000-0000-4000-8000-000000000001', 'River was sick Thursday evening, excused by Andrew'),
    ('40000000-0402-4000-8000-000000000013', 'a1b2c3d4-0000-4000-8000-000000000001', 'b1000000-0000-4000-8000-000000000005',
     NULL, '30000000-0001-4000-8000-000000000003', '2026-04-02', '2026-04-02 19:30:00-05', true, '2026-04-02 19:12:00-05',
     NULL, NULL, NULL),
    ('40000000-0402-4000-8000-000000000014', 'a1b2c3d4-0000-4000-8000-000000000001', 'b1000000-0000-4000-8000-000000000005',
     NULL, '30000000-0001-4000-8000-000000000004', '2026-04-02', '2026-04-02 19:30:00-05', true, '2026-04-02 19:18:00-05',
     NULL, NULL, NULL),
    ('40000000-0402-4000-8000-000000000015', 'a1b2c3d4-0000-4000-8000-000000000001', 'b1000000-0000-4000-8000-000000000005',
     NULL, '30000000-0001-4000-8000-000000000006', '2026-04-02', '2026-04-02 19:30:00-05', true, '2026-04-02 17:50:00-05',
     NULL, NULL, NULL);

-- ---- FRIDAY 2026-04-03 (odd day) ----

-- Sadie: all complete (5)
INSERT INTO task_instances (id, family_id, family_member_id, routine_id, chore_template_id, instance_date, due_at, is_completed, completed_at) VALUES
    ('40000000-0403-4000-8000-000000000001', 'a1b2c3d4-0000-4000-8000-000000000001', 'b1000000-0000-4000-8000-000000000003',
     '10000000-0001-4000-8000-000000000001', NULL, '2026-04-03', '2026-04-03 07:25:00-05', true, '2026-04-03 07:22:00-05'),
    ('40000000-0403-4000-8000-000000000002', 'a1b2c3d4-0000-4000-8000-000000000001', 'b1000000-0000-4000-8000-000000000003',
     '10000000-0001-4000-8000-000000000002', NULL, '2026-04-03', '2026-04-03 17:30:00-05', true, '2026-04-03 17:15:00-05'),
    ('40000000-0403-4000-8000-000000000003', 'a1b2c3d4-0000-4000-8000-000000000001', 'b1000000-0000-4000-8000-000000000003',
     '10000000-0001-4000-8000-000000000003', NULL, '2026-04-03', '2026-04-03 21:30:00-05', true, '2026-04-03 21:12:00-05'),
    ('40000000-0403-4000-8000-000000000004', 'a1b2c3d4-0000-4000-8000-000000000001', 'b1000000-0000-4000-8000-000000000003',
     NULL, '30000000-0001-4000-8000-000000000001', '2026-04-03', '2026-04-03 20:00:00-05', true, '2026-04-03 19:48:00-05'),
    ('40000000-0403-4000-8000-000000000005', 'a1b2c3d4-0000-4000-8000-000000000001', 'b1000000-0000-4000-8000-000000000003',
     NULL, '30000000-0001-4000-8000-000000000005', '2026-04-03', '2026-04-03 19:30:00-05', true, '2026-04-03 17:55:00-05');

-- Townes: all complete (6, odd day)
INSERT INTO task_instances (id, family_id, family_member_id, routine_id, chore_template_id, instance_date, due_at, is_completed, completed_at) VALUES
    ('40000000-0403-4000-8000-000000000006', 'a1b2c3d4-0000-4000-8000-000000000001', 'b1000000-0000-4000-8000-000000000004',
     '10000000-0001-4000-8000-000000000004', NULL, '2026-04-03', '2026-04-03 07:25:00-05', true, '2026-04-03 07:20:00-05'),
    ('40000000-0403-4000-8000-000000000007', 'a1b2c3d4-0000-4000-8000-000000000001', 'b1000000-0000-4000-8000-000000000004',
     '10000000-0001-4000-8000-000000000005', NULL, '2026-04-03', '2026-04-03 17:30:00-05', true, '2026-04-03 17:22:00-05'),
    ('40000000-0403-4000-8000-000000000008', 'a1b2c3d4-0000-4000-8000-000000000001', 'b1000000-0000-4000-8000-000000000004',
     '10000000-0001-4000-8000-000000000006', NULL, '2026-04-03', '2026-04-03 21:00:00-05', true, '2026-04-03 20:52:00-05'),
    ('40000000-0403-4000-8000-000000000009', 'a1b2c3d4-0000-4000-8000-000000000001', 'b1000000-0000-4000-8000-000000000004',
     NULL, '30000000-0001-4000-8000-000000000002', '2026-04-03', '2026-04-03 20:00:00-05', true, '2026-04-03 19:50:00-05'),
    ('40000000-0403-4000-8000-000000000010', 'a1b2c3d4-0000-4000-8000-000000000001', 'b1000000-0000-4000-8000-000000000004',
     NULL, '30000000-0001-4000-8000-000000000004', '2026-04-03', '2026-04-03 19:30:00-05', true, '2026-04-03 19:15:00-05'),
    ('40000000-0403-4000-8000-000000000011', 'a1b2c3d4-0000-4000-8000-000000000001', 'b1000000-0000-4000-8000-000000000004',
     NULL, '30000000-0001-4000-8000-000000000006', '2026-04-03', '2026-04-03 19:30:00-05', true, '2026-04-03 18:00:00-05');

-- River: all complete (4, odd day)
INSERT INTO task_instances (id, family_id, family_member_id, routine_id, chore_template_id, instance_date, due_at, is_completed, completed_at) VALUES
    ('40000000-0403-4000-8000-000000000012', 'a1b2c3d4-0000-4000-8000-000000000001', 'b1000000-0000-4000-8000-000000000005',
     '10000000-0001-4000-8000-000000000007', NULL, '2026-04-03', '2026-04-03 07:25:00-05', true, '2026-04-03 07:18:00-05'),
    ('40000000-0403-4000-8000-000000000013', 'a1b2c3d4-0000-4000-8000-000000000001', 'b1000000-0000-4000-8000-000000000005',
     '10000000-0001-4000-8000-000000000008', NULL, '2026-04-03', '2026-04-03 17:30:00-05', true, '2026-04-03 17:20:00-05'),
    ('40000000-0403-4000-8000-000000000014', 'a1b2c3d4-0000-4000-8000-000000000001', 'b1000000-0000-4000-8000-000000000005',
     '10000000-0001-4000-8000-000000000009', NULL, '2026-04-03', '2026-04-03 20:30:00-05', true, '2026-04-03 20:18:00-05'),
    ('40000000-0403-4000-8000-000000000015', 'a1b2c3d4-0000-4000-8000-000000000001', 'b1000000-0000-4000-8000-000000000005',
     NULL, '30000000-0001-4000-8000-000000000003', '2026-04-03', '2026-04-03 19:30:00-05', true, '2026-04-03 19:10:00-05');

-- ============================================================================
-- task_instance_step_completions (sample: Monday Sadie Morning only)
-- ============================================================================
-- Full step completions for one routine instance to demonstrate the pattern.
-- In production, every routine-sourced task_instance would have these rows.

INSERT INTO task_instance_step_completions (id, task_instance_id, routine_step_id, is_completed, completed_at) VALUES
    ('50000000-0001-4000-8000-000000000001', '40000000-0330-4000-8000-000000000001',
     '20000000-0001-4000-8000-000000000001', true, '2026-03-30 06:50:00-05'),
    ('50000000-0001-4000-8000-000000000002', '40000000-0330-4000-8000-000000000001',
     '20000000-0001-4000-8000-000000000002', true, '2026-03-30 06:55:00-05'),
    ('50000000-0001-4000-8000-000000000003', '40000000-0330-4000-8000-000000000001',
     '20000000-0001-4000-8000-000000000003', true, '2026-03-30 07:00:00-05'),
    ('50000000-0001-4000-8000-000000000004', '40000000-0330-4000-8000-000000000001',
     '20000000-0001-4000-8000-000000000004', true, '2026-03-30 07:10:00-05'),
    ('50000000-0001-4000-8000-000000000005', '40000000-0330-4000-8000-000000000001',
     '20000000-0001-4000-8000-000000000005', true, '2026-03-30 07:15:00-05'),
    ('50000000-0001-4000-8000-000000000006', '40000000-0330-4000-8000-000000000001',
     '20000000-0001-4000-8000-000000000006', true, '2026-03-30 07:18:00-05');

-- Wednesday Townes Evening: incomplete (3 of 5 steps done, then gave up)
INSERT INTO task_instance_step_completions (id, task_instance_id, routine_step_id, is_completed, completed_at) VALUES
    ('50000000-0001-4000-8000-000000000007', '40000000-0401-4000-8000-000000000008',
     '20000000-0001-4000-8000-000000000028', true, '2026-04-01 20:30:00-05'),
    ('50000000-0001-4000-8000-000000000008', '40000000-0401-4000-8000-000000000008',
     '20000000-0001-4000-8000-000000000029', true, '2026-04-01 20:35:00-05'),
    ('50000000-0001-4000-8000-000000000009', '40000000-0401-4000-8000-000000000008',
     '20000000-0001-4000-8000-000000000030', true, '2026-04-01 20:42:00-05'),
    ('50000000-0001-4000-8000-000000000010', '40000000-0401-4000-8000-000000000008',
     '20000000-0001-4000-8000-000000000031', false, NULL),
    ('50000000-0001-4000-8000-000000000011', '40000000-0401-4000-8000-000000000008',
     '20000000-0001-4000-8000-000000000032', false, NULL);

-- ============================================================================
-- daily_wins
-- ============================================================================
-- Sadie: 5/5 wins (perfect week)
-- Townes: 4/5 wins (missed Wed due to incomplete evening routine)
-- River: 5/5 wins (Thu evening was overridden by parent, counts as win)

INSERT INTO daily_wins (id, family_id, family_member_id, win_date, is_win, task_count, completed_count) VALUES
    -- Sadie
    ('60000000-0001-4000-8000-000000000001', 'a1b2c3d4-0000-4000-8000-000000000001', 'b1000000-0000-4000-8000-000000000003', '2026-03-30', true,  5, 5),
    ('60000000-0001-4000-8000-000000000002', 'a1b2c3d4-0000-4000-8000-000000000001', 'b1000000-0000-4000-8000-000000000003', '2026-03-31', true,  5, 5),
    ('60000000-0001-4000-8000-000000000003', 'a1b2c3d4-0000-4000-8000-000000000001', 'b1000000-0000-4000-8000-000000000003', '2026-04-01', true,  5, 5),
    ('60000000-0001-4000-8000-000000000004', 'a1b2c3d4-0000-4000-8000-000000000001', 'b1000000-0000-4000-8000-000000000003', '2026-04-02', true,  5, 5),
    ('60000000-0001-4000-8000-000000000005', 'a1b2c3d4-0000-4000-8000-000000000001', 'b1000000-0000-4000-8000-000000000003', '2026-04-03', true,  5, 5),

    -- Townes
    ('60000000-0001-4000-8000-000000000006', 'a1b2c3d4-0000-4000-8000-000000000001', 'b1000000-0000-4000-8000-000000000004', '2026-03-30', true,  4, 4),
    ('60000000-0001-4000-8000-000000000007', 'a1b2c3d4-0000-4000-8000-000000000001', 'b1000000-0000-4000-8000-000000000004', '2026-03-31', true,  6, 6),
    ('60000000-0001-4000-8000-000000000008', 'a1b2c3d4-0000-4000-8000-000000000001', 'b1000000-0000-4000-8000-000000000004', '2026-04-01', false, 6, 5),
    ('60000000-0001-4000-8000-000000000009', 'a1b2c3d4-0000-4000-8000-000000000001', 'b1000000-0000-4000-8000-000000000004', '2026-04-02', true,  4, 4),
    ('60000000-0001-4000-8000-000000000010', 'a1b2c3d4-0000-4000-8000-000000000001', 'b1000000-0000-4000-8000-000000000004', '2026-04-03', true,  6, 6),

    -- River
    ('60000000-0001-4000-8000-000000000011', 'a1b2c3d4-0000-4000-8000-000000000001', 'b1000000-0000-4000-8000-000000000005', '2026-03-30', true,  6, 6),
    ('60000000-0001-4000-8000-000000000012', 'a1b2c3d4-0000-4000-8000-000000000001', 'b1000000-0000-4000-8000-000000000005', '2026-03-31', true,  4, 4),
    ('60000000-0001-4000-8000-000000000013', 'a1b2c3d4-0000-4000-8000-000000000001', 'b1000000-0000-4000-8000-000000000005', '2026-04-01', true,  4, 4),
    ('60000000-0001-4000-8000-000000000014', 'a1b2c3d4-0000-4000-8000-000000000001', 'b1000000-0000-4000-8000-000000000005', '2026-04-02', true,  6, 6),
    ('60000000-0001-4000-8000-000000000015', 'a1b2c3d4-0000-4000-8000-000000000001', 'b1000000-0000-4000-8000-000000000005', '2026-04-03', true,  4, 4);

-- ============================================================================
-- allowance_ledger (weekly payouts for week of 2026-03-30)
-- ============================================================================
-- Sadie: 5/5 wins = 100% of $12.00 = $12.00 = 1200 cents
-- Townes: 4/5 wins = 80% of $9.00 = $7.20 = 720 cents
-- River:  5/5 wins = 100% of $7.00 = $7.00 = 700 cents

INSERT INTO allowance_ledger (id, family_id, family_member_id, entry_type, amount_cents, week_start, note) VALUES
    ('70000000-0001-4000-8000-000000000001', 'a1b2c3d4-0000-4000-8000-000000000001', 'b1000000-0000-4000-8000-000000000003',
     'weekly_payout', 1200, '2026-03-30', '5/5 Daily Wins — 100% of $12.00'),
    ('70000000-0001-4000-8000-000000000002', 'a1b2c3d4-0000-4000-8000-000000000001', 'b1000000-0000-4000-8000-000000000004',
     'weekly_payout', 720, '2026-03-30', '4/5 Daily Wins — 80% of $9.00'),
    ('70000000-0001-4000-8000-000000000003', 'a1b2c3d4-0000-4000-8000-000000000001', 'b1000000-0000-4000-8000-000000000005',
     'weekly_payout', 700, '2026-03-30', '5/5 Daily Wins — 100% of $7.00');

COMMIT;
